ProductID;BusinessEntityID;AverageLeadTime;StandardPrice;LastReceiptCost;LastReceiptDate;MinOrderQty;MaxOrderQty;OnOrderQty;UnitMeasureCode;ModifiedDate
1;1580;17;" 47,87 ?";" 50,26 ?";29.08.2011;1;5;3;CS;29.08.2011
2;1688;19;" 39,92 ?";" 41,92 ?";29.08.2011;1;5;3;CTN;29.08.2011
4;1650;17;" 54,31 ?";" 57,03 ?";29.08.2011;1;5;;CTN;29.08.2011
317;1578;19;" 28,17 ?";" 29,58 ?";29.08.2011;100;1000;300;EA;29.08.2011
317;1678;17;" 25,77 ?";" 27,06 ?";25.08.2011;100;1000;;EA;25.08.2011
318;1578;19;" 34,38 ?";" 36,10 ?";29.08.2011;100;1000;;EA;29.08.2011
318;1678;17;" 31,98 ?";" 33,58 ?";25.08.2011;100;1000;300;EA;25.08.2011
319;1556;19;" 44,21 ?";" 46,42 ?";29.08.2011;100;1000;300;EA;29.08.2011
319;1578;19;" 46,27 ?";" 48,58 ?";29.08.2011;100;1000;;EA;29.08.2011
319;1678;17;" 43,87 ?";" 46,06 ?";25.08.2011;100;1000;;EA;25.08.2011
320;1514;19;" 47,28 ?";" 49,64 ?";29.08.2011;1;5;3;CAN;29.08.2011
320;1602;17;" 45,21 ?";" 47,47 ?";19.08.2011;1;5;;CAN;19.08.2011
320;1604;17;" 43,21 ?";" 45,37 ?";25.08.2011;1;5;;CAN;25.08.2011
321;1514;19;" 42,21 ?";" 44,32 ?";29.08.2011;1;5;;CAN;29.08.2011
321;1602;17;" 40,76 ?";" 42,80 ?";19.08.2011;1;5;;CAN;19.08.2011
321;1604;17;" 38,56 ?";" 40,49 ?";25.08.2011;1;5;;CAN;25.08.2011
322;1514;19;" 27,33 ?";" 28,70 ?";24.08.2011;20;100;;DZ;24.08.2011
322;1602;17;" 24,21 ?";" 25,42 ?";25.08.2011;20;100;;DZ;25.08.2011
322;1604;17;" 25,11 ?";" 26,37 ?";25.08.2011;20;100;;DZ;25.08.2011
323;1698;17;" 47,87 ?";" 50,26 ?";25.08.2011;1;5;;CS;25.08.2011
325;1590;19;" 0,20 ?";" 0,21 ?";29.08.2011;500;2000;;EA;29.08.2011
326;1590;19;" 0,20 ?";" 0,21 ?";29.08.2011;500;2000;;EA;29.08.2011
332;1608;19;" 10,30 ?";" 10,82 ?";29.08.2011;100;1000;;EA;29.08.2011
341;1598;15;" 39,21 ?";" 41,17 ?";26.08.2011;1;5;3;CTN;26.08.2011
341;1614;19;" 45,31 ?";" 47,58 ?";28.08.2011;1;5;;CTN;28.08.2011
341;1622;19;" 45,21 ?";" 47,47 ?";22.08.2011;1;5;;CTN;22.08.2011
342;1598;15;" 37,21 ?";" 39,07 ?";26.08.2011;1;5;3;CTN;26.08.2011
342;1614;19;" 43,31 ?";" 45,48 ?";28.08.2011;1;5;;CTN;28.08.2011
342;1622;19;" 43,21 ?";" 45,37 ?";22.08.2011;1;5;;CTN;22.08.2011
343;1598;15;" 41,28 ?";" 43,34 ?";26.08.2011;1;5;;CTN;26.08.2011
343;1614;19;" 47,38 ?";" 49,75 ?";28.08.2011;1;5;;CTN;28.08.2011
343;1622;19;" 47,28 ?";" 49,64 ?";22.08.2011;1;5;;CTN;22.08.2011
344;1598;15;" 37,21 ?";" 39,07 ?";07.08.2011;1;5;3;CTN;07.08.2011
344;1614;19;" 43,31 ?";" 45,48 ?";28.08.2011;1;5;;CTN;28.08.2011
344;1622;19;" 43,21 ?";" 45,37 ?";28.08.2011;1;5;;CTN;28.08.2011
345;1598;15;" 35,21 ?";" 36,97 ?";07.08.2011;1;5;3;CTN;07.08.2011
345;1614;19;" 41,31 ?";" 43,38 ?";28.08.2011;1;5;;CTN;28.08.2011
345;1622;19;" 41,21 ?";" 43,27 ?";28.08.2011;1;5;;CTN;28.08.2011
346;1598;15;" 39,28 ?";" 41,24 ?";13.08.2011;1;5;;CTN;13.08.2011
346;1614;19;" 45,38 ?";" 47,65 ?";28.08.2011;1;5;;CTN;28.08.2011
346;1622;19;" 45,28 ?";" 47,54 ?";28.08.2011;1;5;;CTN;28.08.2011
347;1598;15;" 35,21 ?";" 36,97 ?";13.08.2011;1;5;3;CTN;13.08.2011
347;1614;19;" 41,31 ?";" 43,38 ?";17.08.2011;1;5;;CTN;17.08.2011
347;1622;19;" 41,21 ?";" 43,27 ?";28.08.2011;1;5;;CTN;28.08.2011
348;1598;15;" 33,21 ?";" 34,87 ?";20.08.2011;1;5;3;CTN;20.08.2011
348;1614;19;" 39,31 ?";" 41,28 ?";17.08.2011;1;5;;CTN;17.08.2011
348;1622;19;" 39,21 ?";" 41,17 ?";28.08.2011;1;5;;CTN;28.08.2011
349;1598;15;" 37,28 ?";" 39,14 ?";20.08.2011;1;5;3;CTN;20.08.2011
349;1614;19;" 43,38 ?";" 45,55 ?";22.08.2011;1;5;;CTN;22.08.2011
349;1622;19;" 43,28 ?";" 45,44 ?";18.08.2011;1;5;;CTN;18.08.2011
351;1544;15;" 5,50 ?";" 5,78 ?";26.08.2011;100;1000;;EA;26.08.2011
351;1694;15;" 5,90 ?";" 6,20 ?";26.08.2011;100;1000;300;EA;26.08.2011
352;1544;15;" 1,10 ?";" 1,16 ?";26.08.2011;100;1000;300;EA;26.08.2011
352;1694;15;" 1,40 ?";" 1,47 ?";26.08.2011;100;1000;;EA;26.08.2011
355;1508;15;" 1,30 ?";" 1,37 ?";26.08.2011;100;1000;300;EA;26.08.2011
356;1516;18;" 3,43 ?";" 3,60 ?";27.08.2011;20;100;;PAK;27.08.2011
356;1572;16;" 3,22 ?";" 3,38 ?";28.08.2011;20;100;60;PAK;28.08.2011
357;1516;18;" 3,79 ?";" 3,98 ?";27.08.2011;20;100;;PAK;27.08.2011
357;1572;16;" 4,11 ?";" 4,32 ?";28.08.2011;20;100;60;PAK;28.08.2011
358;1500;16;" 6,65 ?";" 6,98 ?";28.08.2011;20;100;60;PAK;28.08.2011
359;1496;17;" 45,41 ?";" 47,68 ?";29.08.2011;1;5;3;CS;29.08.2011
359;1554;19;" 45,26 ?";" 47,52 ?";11.08.2011;1;5;;CS;11.08.2011
360;1496;17;" 43,41 ?";" 45,58 ?";29.08.2011;1;5;3;CS;29.08.2011
360;1554;19;" 43,26 ?";" 45,42 ?";11.08.2011;1;5;;CS;11.08.2011
361;1496;17;" 47,48 ?";" 49,85 ?";05.08.2011;1;5;;CS;05.08.2011
361;1554;19;" 47,33 ?";" 49,70 ?";18.08.2011;1;5;;CS;18.08.2011
362;1496;17;" 43,41 ?";" 45,58 ?";05.08.2011;1;5;3;CS;05.08.2011
362;1554;19;" 43,26 ?";" 45,42 ?";18.08.2011;1;5;;CS;18.08.2011
363;1496;17;" 41,41 ?";" 43,48 ?";05.08.2011;1;5;;CS;05.08.2011
363;1554;19;" 41,26 ?";" 43,32 ?";18.08.2011;1;5;;CS;18.08.2011
364;1496;17;" 45,48 ?";" 47,75 ?";12.08.2011;1;5;3;CS;12.08.2011
364;1554;19;" 45,33 ?";" 47,60 ?";24.08.2011;1;5;;CS;24.08.2011
365;1496;17;" 41,41 ?";" 43,48 ?";12.08.2011;1;5;;CS;12.08.2011
365;1554;19;" 41,26 ?";" 43,32 ?";24.08.2011;1;5;;CS;24.08.2011
366;1496;17;" 39,41 ?";" 41,38 ?";12.08.2011;1;5;3;CS;12.08.2011
366;1554;19;" 39,26 ?";" 41,22 ?";29.08.2011;1;5;;CS;29.08.2011
367;1496;17;" 43,48 ?";" 45,65 ?";12.08.2011;1;5;;CS;12.08.2011
367;1554;19;" 43,33 ?";" 45,50 ?";29.08.2011;1;5;;CS;29.08.2011
368;1496;17;" 39,41 ?";" 41,38 ?";12.08.2011;1;5;3;CS;12.08.2011
368;1554;19;" 39,26 ?";" 41,22 ?";29.08.2011;1;5;;CS;29.08.2011
369;1496;17;" 37,41 ?";" 39,28 ?";12.08.2011;1;5;3;CS;12.08.2011
369;1554;19;" 37,26 ?";" 39,12 ?";29.08.2011;1;5;;CS;29.08.2011
370;1496;17;" 41,48 ?";" 43,55 ?";18.08.2011;1;5;3;CS;18.08.2011
370;1554;19;" 41,33 ?";" 43,40 ?";30.07.2011;1;5;;CS;30.07.2011
371;1496;17;" 37,41 ?";" 39,28 ?";18.08.2011;1;5;;CS;18.08.2011
371;1554;19;" 37,26 ?";" 39,12 ?";30.07.2011;1;5;;CS;30.07.2011
372;1496;17;" 35,41 ?";" 37,18 ?";18.08.2011;1;5;3;CS;18.08.2011
372;1554;19;" 35,26 ?";" 37,02 ?";30.07.2011;1;5;;CS;30.07.2011
373;1496;17;" 39,48 ?";" 41,45 ?";18.08.2011;1;5;3;CS;18.08.2011
373;1554;19;" 39,33 ?";" 41,30 ?";30.07.2011;1;5;;CS;30.07.2011
374;1496;17;" 35,41 ?";" 37,18 ?";24.08.2011;1;5;3;CS;24.08.2011
374;1554;19;" 35,26 ?";" 37,02 ?";05.08.2011;1;5;;CS;05.08.2011
375;1536;15;" 41,28 ?";" 43,34 ?";13.08.2011;1;5;3;CTN;13.08.2011
375;1562;16;" 41,21 ?";" 43,27 ?";10.08.2011;1;5;;CTN;10.08.2011
375;1656;16;" 41,21 ?";" 43,27 ?";29.07.2011;1;5;;CTN;29.07.2011
376;1536;15;" 37,21 ?";" 39,07 ?";13.08.2011;1;5;;CTN;13.08.2011
376;1562;16;" 39,21 ?";" 41,17 ?";10.08.2011;1;5;;CTN;10.08.2011
376;1656;16;" 45,28 ?";" 47,54 ?";29.07.2011;1;5;;CTN;29.07.2011
377;1536;15;" 35,21 ?";" 36,97 ?";20.08.2011;1;5;3;CTN;20.08.2011
377;1562;16;" 43,28 ?";" 45,44 ?";17.08.2011;1;5;;CTN;17.08.2011
377;1656;16;" 41,21 ?";" 43,27 ?";04.08.2011;1;5;;CTN;04.08.2011
378;1536;15;" 39,28 ?";" 41,24 ?";20.08.2011;1;5;3;CTN;20.08.2011
378;1562;16;" 39,21 ?";" 41,17 ?";17.08.2011;1;5;;CTN;17.08.2011
378;1656;16;" 39,21 ?";" 41,17 ?";04.08.2011;1;5;;CTN;04.08.2011
379;1536;15;" 35,21 ?";" 36,97 ?";20.08.2011;1;5;;CTN;20.08.2011
379;1562;16;" 37,21 ?";" 39,07 ?";17.08.2011;1;5;;CTN;17.08.2011
379;1656;16;" 43,28 ?";" 45,44 ?";04.08.2011;1;5;;CTN;04.08.2011
380;1536;15;" 41,16 ?";" 43,22 ?";26.08.2011;1;5;3;CTN;26.08.2011
380;1562;16;" 41,28 ?";" 43,34 ?";22.08.2011;1;5;;CTN;22.08.2011
380;1656;16;" 39,21 ?";" 41,17 ?";10.08.2011;1;5;;CTN;10.08.2011
381;1536;15;" 45,23 ?";" 47,49 ?";26.08.2011;1;5;3;CTN;26.08.2011
381;1562;16;" 37,21 ?";" 39,07 ?";22.08.2011;1;5;;CTN;22.08.2011
381;1656;16;" 37,21 ?";" 39,07 ?";10.08.2011;1;5;;CTN;10.08.2011
382;1536;15;" 41,21 ?";" 43,27 ?";01.08.2011;1;5;3;CTN;01.08.2011
382;1562;16;" 35,21 ?";" 36,97 ?";28.08.2011;1;5;;CTN;28.08.2011
383;1536;15;" 45,28 ?";" 47,54 ?";01.08.2011;1;5;;CTN;01.08.2011
383;1562;16;" 39,28 ?";" 41,24 ?";28.08.2011;1;5;;CTN;28.08.2011
384;1536;15;" 41,21 ?";" 43,27 ?";01.08.2011;1;5;3;CTN;01.08.2011
384;1562;16;" 35,21 ?";" 36,97 ?";28.08.2011;1;5;;CTN;28.08.2011
385;1536;15;" 39,21 ?";" 41,17 ?";07.08.2011;1;5;;CTN;07.08.2011
385;1562;16;" 41,16 ?";" 43,22 ?";28.08.2011;1;5;;CTN;28.08.2011
386;1536;15;" 43,28 ?";" 45,44 ?";07.08.2011;1;5;3;CTN;07.08.2011
386;1562;16;" 45,23 ?";" 47,49 ?";04.08.2011;1;5;;CTN;04.08.2011
387;1536;15;" 39,21 ?";" 41,17 ?";07.08.2011;1;5;3;CTN;07.08.2011
387;1562;16;" 41,21 ?";" 43,27 ?";04.08.2011;1;5;;CTN;04.08.2011
388;1536;15;" 37,21 ?";" 39,07 ?";07.08.2011;1;5;3;CTN;07.08.2011
388;1562;16;" 45,28 ?";" 47,54 ?";04.08.2011;1;5;;CTN;04.08.2011
389;1536;15;" 41,28 ?";" 43,34 ?";07.08.2011;1;5;;CTN;07.08.2011
389;1562;16;" 41,21 ?";" 43,27 ?";04.08.2011;1;5;;CTN;04.08.2011
390;1536;15;" 37,21 ?";" 39,07 ?";07.08.2011;1;5;3;CTN;07.08.2011
390;1562;16;" 39,21 ?";" 41,17 ?";04.08.2011;1;5;;CTN;04.08.2011
391;1536;15;" 35,21 ?";" 36,97 ?";07.08.2011;1;5;3;CTN;07.08.2011
391;1562;16;" 43,28 ?";" 45,44 ?";04.08.2011;1;5;;CTN;04.08.2011
392;1536;15;" 39,28 ?";" 41,24 ?";07.08.2011;1;5;3;CTN;07.08.2011
392;1562;16;" 39,21 ?";" 41,17 ?";04.08.2011;1;5;;CTN;04.08.2011
393;1536;15;" 35,21 ?";" 36,97 ?";07.08.2011;1;5;;CTN;07.08.2011
393;1562;16;" 37,21 ?";" 39,07 ?";04.08.2011;1;5;;CTN;04.08.2011
394;1536;15;" 41,16 ?";" 43,22 ?";07.08.2011;1;5;3;CTN;07.08.2011
394;1562;16;" 41,28 ?";" 43,34 ?";04.08.2011;1;5;;CTN;04.08.2011
395;1536;15;" 45,23 ?";" 47,49 ?";07.08.2011;1;5;3;CTN;07.08.2011
395;1562;16;" 37,21 ?";" 39,07 ?";04.08.2011;1;5;;CTN;04.08.2011
396;1536;15;" 41,21 ?";" 43,27 ?";07.08.2011;1;5;;CTN;07.08.2011
396;1562;16;" 35,21 ?";" 36,97 ?";04.08.2011;1;5;;CTN;04.08.2011
397;1536;15;" 45,28 ?";" 47,54 ?";07.08.2011;1;5;;CTN;07.08.2011
397;1562;16;" 39,28 ?";" 41,24 ?";04.08.2011;1;5;;CTN;04.08.2011
402;1648;15;" 45,21 ?";" 47,47 ?";26.08.2011;1;5;3;CTN;26.08.2011
403;1616;17;" 45,21 ?";" 47,47 ?";06.08.2011;1;5;3;CAN;06.08.2011
403;1672;15;" 43,21 ?";" 45,37 ?";20.08.2011;1;5;3;CAN;20.08.2011
403;1686;19;" 43,28 ?";" 45,44 ?";28.08.2011;1;5;;CAN;28.08.2011
404;1616;17;" 43,21 ?";" 45,37 ?";06.08.2011;1;5;3;CAN;06.08.2011
404;1672;15;" 47,28 ?";" 49,64 ?";20.08.2011;1;5;3;CAN;20.08.2011
404;1686;19;" 39,21 ?";" 41,17 ?";28.08.2011;1;5;;CAN;28.08.2011
405;1616;17;" 47,28 ?";" 49,64 ?";12.08.2011;1;5;3;CAN;12.08.2011
405;1672;15;" 43,21 ?";" 45,37 ?";20.08.2011;1;5;3;CAN;20.08.2011
405;1686;19;" 37,21 ?";" 39,07 ?";04.08.2011;1;5;;CAN;04.08.2011
406;1616;17;" 43,21 ?";" 45,37 ?";12.08.2011;1;5;3;CAN;12.08.2011
406;1672;15;" 41,21 ?";" 43,27 ?";20.08.2011;1;5;3;CAN;20.08.2011
406;1686;19;" 41,28 ?";" 43,34 ?";04.08.2011;1;5;;CAN;04.08.2011
407;1616;17;" 41,21 ?";" 43,27 ?";12.08.2011;1;5;;CAN;12.08.2011
407;1672;15;" 45,28 ?";" 47,54 ?";20.08.2011;1;5;;CAN;20.08.2011
407;1686;19;" 37,21 ?";" 39,07 ?";04.08.2011;1;5;;CAN;04.08.2011
408;1616;17;" 45,28 ?";" 47,54 ?";19.08.2011;1;5;3;CAN;19.08.2011
408;1672;15;" 41,21 ?";" 43,27 ?";20.08.2011;1;5;3;CAN;20.08.2011
408;1686;19;" 35,21 ?";" 36,97 ?";10.08.2011;1;5;;CAN;10.08.2011
409;1616;17;" 41,21 ?";" 43,27 ?";19.08.2011;1;5;3;CAN;19.08.2011
409;1672;15;" 39,21 ?";" 41,17 ?";26.08.2011;1;5;3;CAN;26.08.2011
409;1686;19;" 39,28 ?";" 41,24 ?";10.08.2011;1;5;;CAN;10.08.2011
410;1616;17;" 39,21 ?";" 41,17 ?";25.08.2011;1;5;3;CAN;25.08.2011
410;1686;19;" 35,21 ?";" 36,97 ?";10.08.2011;1;5;;CAN;10.08.2011
411;1616;17;" 43,28 ?";" 45,44 ?";25.08.2011;1;5;;CAN;25.08.2011
411;1686;19;" 33,21 ?";" 34,87 ?";10.08.2011;1;5;;CAN;10.08.2011
412;1616;17;" 39,21 ?";" 41,17 ?";25.08.2011;1;5;3;CAN;25.08.2011
412;1686;19;" 37,28 ?";" 39,14 ?";10.08.2011;1;5;;CAN;10.08.2011
413;1616;17;" 37,21 ?";" 39,07 ?";25.08.2011;1;5;;CAN;25.08.2011
413;1686;19;" 45,31 ?";" 47,58 ?";10.08.2011;1;5;;CAN;10.08.2011
414;1616;17;" 41,28 ?";" 43,34 ?";24.07.2011;1;5;3;CAN;24.07.2011
414;1686;19;" 43,31 ?";" 45,48 ?";17.08.2011;1;5;;CAN;17.08.2011
415;1616;17;" 37,21 ?";" 39,07 ?";24.07.2011;1;5;3;CAN;24.07.2011
415;1686;19;" 47,38 ?";" 49,75 ?";17.08.2011;1;5;;CAN;17.08.2011
416;1616;17;" 35,21 ?";" 36,97 ?";24.07.2011;1;5;3;CAN;24.07.2011
416;1686;19;" 43,31 ?";" 45,48 ?";17.08.2011;1;5;;CAN;17.08.2011
417;1616;17;" 39,28 ?";" 41,24 ?";24.07.2011;1;5;;CAN;24.07.2011
417;1686;19;" 41,31 ?";" 43,38 ?";17.08.2011;1;5;;CAN;17.08.2011
418;1616;17;" 35,21 ?";" 36,97 ?";31.07.2011;1;5;3;CAN;31.07.2011
418;1686;19;" 45,38 ?";" 47,65 ?";22.08.2011;1;5;;CAN;22.08.2011
419;1616;17;" 33,21 ?";" 34,87 ?";31.07.2011;1;5;3;CAN;31.07.2011
419;1686;19;" 41,31 ?";" 43,38 ?";22.08.2011;1;5;;CAN;22.08.2011
420;1616;17;" 37,28 ?";" 39,14 ?";31.07.2011;1;5;3;CAN;31.07.2011
420;1686;19;" 39,31 ?";" 41,28 ?";22.08.2011;1;5;;CAN;22.08.2011
421;1616;17;" 45,31 ?";" 47,58 ?";31.07.2011;1;5;3;CAN;31.07.2011
421;1686;19;" 43,38 ?";" 45,55 ?";22.08.2011;1;5;;CAN;22.08.2011
422;1492;17;" 45,26 ?";" 47,52 ?";12.08.2011;1;5;;CTN;12.08.2011
422;1534;19;" 45,41 ?";" 47,68 ?";17.08.2011;1;5;;CTN;17.08.2011
422;1666;16;" 45,41 ?";" 47,68 ?";21.08.2011;1;5;;CTN;21.08.2011
423;1492;17;" 43,26 ?";" 45,42 ?";12.08.2011;1;5;;CTN;12.08.2011
423;1534;19;" 43,41 ?";" 45,58 ?";17.08.2011;1;5;;CTN;17.08.2011
423;1666;16;" 43,41 ?";" 45,58 ?";21.08.2011;1;5;;CTN;21.08.2011
424;1492;17;" 47,33 ?";" 49,70 ?";19.08.2011;1;5;;CTN;19.08.2011
424;1534;19;" 47,48 ?";" 49,85 ?";17.08.2011;1;5;;CTN;17.08.2011
424;1666;16;" 47,48 ?";" 49,85 ?";27.08.2011;1;5;;CTN;27.08.2011
425;1492;17;" 43,26 ?";" 45,42 ?";19.08.2011;1;5;;CTN;19.08.2011
425;1534;19;" 43,41 ?";" 45,58 ?";17.08.2011;1;5;;CTN;17.08.2011
425;1666;16;" 43,41 ?";" 45,58 ?";27.08.2011;1;5;;CTN;27.08.2011
426;1492;17;" 41,26 ?";" 43,32 ?";19.08.2011;1;5;;CTN;19.08.2011
426;1534;19;" 41,41 ?";" 43,48 ?";17.08.2011;1;5;;CTN;17.08.2011
426;1666;16;" 41,41 ?";" 43,48 ?";27.08.2011;1;5;;CTN;27.08.2011
427;1492;17;" 45,33 ?";" 47,60 ?";25.08.2011;1;5;;CTN;25.08.2011
427;1534;19;" 45,48 ?";" 47,75 ?";22.08.2011;1;5;;CTN;22.08.2011
427;1666;16;" 45,48 ?";" 47,75 ?";03.08.2011;1;5;;CTN;03.08.2011
428;1492;17;" 41,26 ?";" 43,32 ?";25.08.2011;1;5;;CTN;25.08.2011
428;1534;19;" 41,41 ?";" 43,48 ?";22.08.2011;1;5;;CTN;22.08.2011
428;1666;16;" 41,41 ?";" 43,48 ?";03.08.2011;1;5;;CTN;03.08.2011
429;1492;17;" 39,26 ?";" 41,22 ?";24.07.2011;1;5;;CTN;24.07.2011
429;1534;19;" 39,41 ?";" 41,38 ?";22.08.2011;1;5;;CTN;22.08.2011
429;1666;16;" 39,41 ?";" 41,38 ?";03.08.2011;1;5;;CTN;03.08.2011
430;1492;17;" 43,33 ?";" 45,50 ?";24.07.2011;1;5;;CTN;24.07.2011
430;1534;19;" 43,48 ?";" 45,65 ?";22.08.2011;1;5;;CTN;22.08.2011
430;1666;16;" 43,48 ?";" 45,65 ?";03.08.2011;1;5;;CTN;03.08.2011
431;1492;17;" 39,26 ?";" 41,22 ?";24.07.2011;1;5;;CTN;24.07.2011
431;1534;19;" 39,41 ?";" 41,38 ?";22.08.2011;1;5;;CTN;22.08.2011
431;1666;16;" 39,41 ?";" 41,38 ?";03.08.2011;1;5;;CTN;03.08.2011
432;1492;17;" 37,26 ?";" 39,12 ?";24.07.2011;1;5;;CTN;24.07.2011
432;1534;19;" 37,41 ?";" 39,28 ?";22.08.2011;1;5;;CTN;22.08.2011
432;1666;16;" 37,41 ?";" 39,28 ?";03.08.2011;1;5;;CTN;03.08.2011
433;1492;17;" 41,33 ?";" 43,40 ?";31.07.2011;1;5;;CTN;31.07.2011
433;1534;19;" 41,48 ?";" 43,55 ?";28.08.2011;1;5;;CTN;28.08.2011
433;1666;16;" 41,48 ?";" 43,55 ?";10.08.2011;1;5;;CTN;10.08.2011
434;1492;17;" 37,26 ?";" 39,12 ?";31.07.2011;1;5;;CTN;31.07.2011
434;1534;19;" 37,41 ?";" 39,28 ?";28.08.2011;1;5;;CTN;28.08.2011
434;1666;16;" 37,41 ?";" 39,28 ?";10.08.2011;1;5;;CTN;10.08.2011
435;1492;17;" 35,26 ?";" 37,02 ?";31.07.2011;1;5;;CTN;31.07.2011
435;1534;19;" 35,41 ?";" 37,18 ?";28.08.2011;1;5;;CTN;28.08.2011
435;1666;16;" 35,41 ?";" 37,18 ?";10.08.2011;1;5;;CTN;10.08.2011
436;1492;17;" 39,33 ?";" 41,30 ?";31.07.2011;1;5;;CTN;31.07.2011
436;1534;19;" 39,48 ?";" 41,45 ?";28.08.2011;1;5;;CTN;28.08.2011
436;1666;16;" 39,48 ?";" 41,45 ?";10.08.2011;1;5;;CTN;10.08.2011
437;1492;17;" 35,26 ?";" 37,02 ?";06.08.2011;1;5;;CTN;06.08.2011
437;1534;19;" 35,41 ?";" 37,18 ?";10.08.2011;1;5;;CTN;10.08.2011
437;1666;16;" 35,41 ?";" 37,18 ?";17.08.2011;1;5;;CTN;17.08.2011
438;1540;17;" 39,26 ?";" 41,22 ?";25.08.2011;1;5;;CTN;25.08.2011
438;1656;16;" 45,41 ?";" 47,68 ?";17.08.2011;1;5;;CTN;17.08.2011
439;1540;17;" 43,33 ?";" 45,50 ?";25.08.2011;1;5;;CTN;25.08.2011
439;1656;16;" 43,41 ?";" 45,58 ?";17.08.2011;1;5;;CTN;17.08.2011
440;1540;17;" 39,26 ?";" 41,22 ?";06.08.2011;1;5;;CTN;06.08.2011
440;1656;16;" 47,48 ?";" 49,85 ?";17.08.2011;1;5;;CTN;17.08.2011
441;1540;17;" 37,26 ?";" 39,12 ?";06.08.2011;1;5;;CTN;06.08.2011
441;1656;16;" 43,41 ?";" 45,58 ?";17.08.2011;1;5;;CTN;17.08.2011
442;1540;17;" 41,33 ?";" 43,40 ?";06.08.2011;1;5;;CTN;06.08.2011
442;1656;16;" 41,41 ?";" 43,48 ?";22.08.2011;1;5;;CTN;22.08.2011
443;1540;17;" 37,26 ?";" 39,12 ?";06.08.2011;1;5;;CTN;06.08.2011
443;1656;16;" 45,48 ?";" 47,75 ?";22.08.2011;1;5;;CTN;22.08.2011
444;1540;17;" 35,26 ?";" 37,02 ?";12.08.2011;1;5;;CTN;12.08.2011
444;1656;16;" 41,41 ?";" 43,48 ?";22.08.2011;1;5;;CTN;22.08.2011
445;1540;17;" 39,33 ?";" 41,30 ?";12.08.2011;1;5;;CTN;12.08.2011
445;1656;16;" 39,41 ?";" 41,38 ?";28.08.2011;1;5;;CTN;28.08.2011
446;1540;17;" 35,26 ?";" 37,02 ?";12.08.2011;1;5;;CTN;12.08.2011
446;1656;16;" 43,48 ?";" 45,65 ?";28.08.2011;1;5;;CTN;28.08.2011
447;1540;17;" 45,41 ?";" 47,68 ?";12.08.2011;1;5;;CTN;12.08.2011
447;1656;16;" 39,41 ?";" 41,38 ?";28.08.2011;1;5;;CTN;28.08.2011
448;1540;17;" 43,41 ?";" 45,58 ?";19.08.2011;1;5;;CTN;19.08.2011
448;1656;16;" 37,41 ?";" 39,28 ?";28.08.2011;1;5;;CTN;28.08.2011
449;1540;17;" 47,48 ?";" 49,85 ?";19.08.2011;1;5;;CTN;19.08.2011
449;1656;16;" 41,48 ?";" 43,55 ?";28.08.2011;1;5;;CTN;28.08.2011
450;1540;17;" 43,41 ?";" 45,58 ?";19.08.2011;1;5;;CTN;19.08.2011
450;1656;16;" 37,41 ?";" 39,28 ?";22.07.2011;1;5;;CTN;22.07.2011
451;1540;17;" 41,41 ?";" 43,48 ?";19.08.2011;1;5;;CTN;19.08.2011
451;1656;16;" 35,41 ?";" 37,18 ?";22.07.2011;1;5;;CTN;22.07.2011
452;1540;17;" 45,48 ?";" 47,75 ?";19.08.2011;1;5;;CTN;19.08.2011
452;1656;16;" 39,48 ?";" 41,45 ?";22.07.2011;1;5;;CTN;22.07.2011
453;1540;17;" 41,41 ?";" 43,48 ?";19.08.2011;1;5;;CTN;19.08.2011
453;1656;16;" 35,41 ?";" 37,18 ?";22.07.2011;1;5;;CTN;22.07.2011
454;1540;17;" 39,41 ?";" 41,38 ?";19.08.2011;1;5;;CTN;19.08.2011
454;1656;16;" 45,26 ?";" 47,52 ?";22.07.2011;1;5;;CTN;22.07.2011
455;1540;17;" 43,48 ?";" 45,65 ?";19.08.2011;1;5;;CTN;19.08.2011
455;1656;16;" 43,26 ?";" 45,42 ?";22.07.2011;1;5;;CTN;22.07.2011
456;1540;17;" 39,41 ?";" 41,38 ?";19.08.2011;1;5;;CTN;19.08.2011
456;1656;16;" 47,33 ?";" 49,70 ?";22.07.2011;1;5;;CTN;22.07.2011
457;1540;17;" 37,41 ?";" 39,28 ?";19.08.2011;1;5;;CTN;19.08.2011
457;1656;16;" 43,26 ?";" 45,42 ?";22.07.2011;1;5;;CTN;22.07.2011
458;1540;17;" 41,48 ?";" 43,55 ?";19.08.2011;1;5;;CTN;19.08.2011
458;1656;16;" 41,26 ?";" 43,32 ?";22.07.2011;1;5;;CTN;22.07.2011
459;1540;17;" 37,41 ?";" 39,28 ?";19.08.2011;1;5;;CTN;19.08.2011
459;1656;16;" 45,33 ?";" 47,60 ?";22.07.2011;1;5;;CTN;22.07.2011
460;1540;17;" 35,41 ?";" 37,18 ?";19.08.2011;1;5;;CTN;19.08.2011
460;1656;16;" 41,26 ?";" 43,32 ?";22.07.2011;1;5;;CTN;22.07.2011
461;1540;17;" 39,48 ?";" 41,45 ?";19.08.2011;1;5;;DZ;19.08.2011
462;1510;18;" 45,41 ?";" 47,68 ?";27.08.2011;1;5;3;CS;27.08.2011
463;1582;18;" 45,26 ?";" 47,52 ?";27.08.2011;1;5;;CAN;27.08.2011
464;1582;18;" 43,26 ?";" 45,42 ?";27.08.2011;1;5;;CAN;27.08.2011
465;1582;18;" 47,33 ?";" 49,70 ?";27.08.2011;1;5;;CAN;27.08.2011
466;1582;18;" 43,26 ?";" 45,42 ?";27.08.2011;1;5;;CAN;27.08.2011
467;1582;18;" 41,26 ?";" 43,32 ?";08.08.2011;1;5;;CAN;08.08.2011
468;1582;18;" 45,33 ?";" 47,60 ?";14.08.2011;1;5;;CAN;14.08.2011
469;1582;18;" 41,26 ?";" 43,32 ?";14.08.2011;1;5;;CAN;14.08.2011
470;1582;18;" 39,26 ?";" 41,22 ?";14.08.2011;1;5;;CAN;14.08.2011
471;1582;18;" 43,33 ?";" 45,50 ?";14.08.2011;1;5;;CAN;14.08.2011
472;1582;18;" 39,26 ?";" 41,22 ?";14.08.2011;1;5;;CAN;14.08.2011
473;1582;18;" 37,26 ?";" 39,12 ?";21.08.2011;1;5;;CAN;21.08.2011
474;1582;18;" 41,33 ?";" 43,40 ?";21.08.2011;1;5;;CAN;21.08.2011
475;1582;18;" 37,26 ?";" 39,12 ?";21.08.2011;1;5;;CAN;21.08.2011
476;1568;15;" 15,13 ?";" 15,89 ?";20.08.2011;100;1000;300;EA;20.08.2011
477;1568;15;" 11,11 ?";" 11,67 ?";20.08.2011;100;1000;300;EA;20.08.2011
478;1568;15;" 10,56 ?";" 11,09 ?";26.08.2011;100;1000;;EA;26.08.2011
479;1568;15;" 15,13 ?";" 15,89 ?";26.08.2011;100;1000;300;EA;26.08.2011
480;1568;15;" 11,11 ?";" 11,67 ?";26.08.2011;100;1000;;EA;26.08.2011
481;1568;15;" 10,56 ?";" 11,09 ?";13.08.2011;100;1000;300;EA;13.08.2011
482;1568;15;" 8,34 ?";" 8,76 ?";13.08.2011;100;1000;300;EA;13.08.2011
483;1568;15;" 9,23 ?";" 9,69 ?";13.08.2011;100;1000;;EA;13.08.2011
484;1568;15;" 6,55 ?";" 6,88 ?";13.08.2011;100;1000;300;EA;13.08.2011
485;1568;15;" 7,43 ?";" 7,80 ?";13.08.2011;100;1000;300;EA;13.08.2011
486;1568;15;" 8,34 ?";" 8,76 ?";13.08.2011;100;1000;;EA;13.08.2011
487;1568;15;" 5,53 ?";" 5,81 ?";13.08.2011;100;1000;300;EA;13.08.2011
488;1568;15;" 8,44 ?";" 8,86 ?";13.08.2011;100;1000;300;EA;13.08.2011
489;1568;15;" 9,97 ?";" 10,47 ?";13.08.2011;100;1000;;EA;13.08.2011
490;1592;16;" 12,11 ?";" 12,72 ?";27.08.2011;1;5;;CAN;27.08.2011
490;1662;16;" 11,77 ?";" 12,36 ?";28.08.2011;1;5;;CAN;28.08.2011
491;1548;15;" 19,03 ?";" 19,98 ?";26.08.2011;1;5;3;CAN;26.08.2011
491;1592;16;" 18,99 ?";" 19,94 ?";27.08.2011;1;5;;CAN;27.08.2011
492;1584;16;" 48,33 ?";" 50,75 ?";21.08.2011;20;100;;GAL;21.08.2011
492;1692;17;" 47,87 ?";" 50,26 ?";19.08.2011;20;100;60;GAL;19.08.2011
493;1584;16;" 55,49 ?";" 58,26 ?";21.08.2011;20;100;;GAL;21.08.2011
493;1692;17;" 54,43 ?";" 57,15 ?";19.08.2011;20;100;;GAL;19.08.2011
494;1584;16;" 48,33 ?";" 50,75 ?";27.08.2011;20;100;;GAL;27.08.2011
494;1692;17;" 50,67 ?";" 53,20 ?";25.08.2011;20;100;60;GAL;25.08.2011
495;1584;16;" 59,93 ?";" 62,93 ?";27.08.2011;20;100;;GAL;27.08.2011
495;1692;17;" 60,66 ?";" 63,69 ?";25.08.2011;20;100;;GAL;25.08.2011
496;1584;16;" 47,29 ?";" 49,65 ?";27.08.2011;20;100;;GAL;27.08.2011
496;1692;17;" 46,58 ?";" 48,91 ?";25.08.2011;20;100;;GAL;25.08.2011
497;1566;17;" 32,56 ?";" 34,19 ?";25.08.2011;1;5;3;CS;25.08.2011
504;1690;17;" 46,44 ?";" 48,76 ?";25.08.2011;1;5;3;CS;25.08.2011
505;1612;16;" 42,11 ?";" 44,22 ?";28.08.2011;1;5;3;CS;28.08.2011
506;1504;15;" 8,76 ?";" 9,20 ?";26.08.2011;20;100;60;DZ;26.08.2011
507;1530;15;" 22,28 ?";" 23,39 ?";26.08.2011;100;1000;;EA;26.08.2011
507;1624;15;" 21,11 ?";" 22,17 ?";26.08.2011;100;1000;;EA;26.08.2011
508;1530;15;" 26,33 ?";" 27,65 ?";26.08.2011;100;1000;;EA;26.08.2011
508;1624;15;" 27,89 ?";" 29,28 ?";26.08.2011;100;1000;;EA;26.08.2011
509;1680;16;" 34,55 ?";" 36,28 ?";27.08.2011;100;1000;;EA;27.08.2011
510;1526;18;" 22,29 ?";" 23,40 ?";27.08.2011;100;1000;;EA;27.08.2011
510;1646;15;" 21,98 ?";" 23,08 ?";26.08.2011;100;1000;300;EA;26.08.2011
511;1526;18;" 26,54 ?";" 27,87 ?";27.08.2011;100;1000;;EA;27.08.2011
511;1646;15;" 27,88 ?";" 29,27 ?";26.08.2011;100;1000;300;EA;26.08.2011
512;1646;15;" 33,31 ?";" 34,98 ?";26.08.2011;100;1000;300;EA;26.08.2011
512;1654;17;" 35,32 ?";" 37,09 ?";25.08.2011;100;1000;;EA;25.08.2011
513;1664;17;" 25,33 ?";" 26,60 ?";25.08.2011;100;1000;;EA;25.08.2011
513;1682;19;" 37,33 ?";" 39,20 ?";28.08.2011;100;1000;;EA;28.08.2011
523;1560;17;" 10,22 ?";" 10,73 ?";25.08.2011;100;1000;300;EA;25.08.2011
523;1620;16;" 9,89 ?";" 10,38 ?";27.08.2011;100;1000;;EA;27.08.2011
524;1560;17;" 13,45 ?";" 14,12 ?";25.08.2011;100;1000;300;EA;25.08.2011
524;1626;18;" 12,35 ?";" 12,97 ?";27.08.2011;100;1000;;EA;27.08.2011
525;1600;15;" 2,21 ?";" 2,32 ?";26.08.2011;100;1000;;EA;26.08.2011
526;1522;15;" 3,47 ?";" 3,64 ?";26.08.2011;100;1000;;EA;26.08.2011
527;1644;18;" 6,43 ?";" 6,75 ?";27.08.2011;100;1000;;DZ;27.08.2011
528;1618;16;" 36,34 ?";" 38,16 ?";28.08.2011;1;5;;CTN;28.08.2011
530;1494;17;" 15,32 ?";" 16,09 ?";29.08.2011;100;1000;;EA;29.08.2011
535;1508;15;" 3,32 ?";" 3,49 ?";26.08.2011;100;1000;;EA;26.08.2011
679;1544;15;" 5,50 ?";" 5,78 ?";20.08.2011;100;1000;300;EA;20.08.2011
679;1694;15;" 5,90 ?";" 6,20 ?";26.08.2011;100;1000;300;EA;26.08.2011
707;1520;30;" 13,25 ?";" 13,09 ?";13.03.2014;4;200;25;EA;12.08.2015
708;1520;30;" 13,25 ?";" 13,09 ?";22.09.2014;4;200;25;EA;12.08.2015
709;1574;12;" 3,10 ?";" 3,40 ?";22.10.2014;100;500;150;EA;12.08.2015
710;1574;12;" 3,12 ?";" 3,40 ?";22.10.2014;100;500;150;EA;12.08.2015
711;1520;45;" 13,88 ?";" 13,08 ?";02.07.2014;50;750;300;EA;12.08.2015
712;1636;45;" 6,55 ?";" 6,92 ?";13.06.2014;100;1000;630;EA;12.08.2015
713;1636;45;" 37,45 ?";" 38,49 ?";03.12.2013;100;1000;600;EA;12.08.2015
714;1636;45;" 37,80 ?";" 38,49 ?";03.12.2013;100;1000;350;EA;12.08.2015
715;1636;45;" 37,80 ?";" 38,49 ?";03.12.2013;100;1000;100;EA;12.08.2015
716;1636;45;" 38,05 ?";" 38,75 ?";03.12.2013;100;1000;750;EA;12.08.2015
841;1636;60;" 26,75 ?";" 24,75 ?";26.02.2014;75;500;300;EA;12.08.2015
842;1518;120;" 54,20 ?";" 51,56 ?";17.02.2014;100;600;225;EA;12.08.2015
843;1518;10;" 8,50 ?";" 10,31 ?";11.01.2014;50;200;75;EA;12.08.2015
844;1518;25;" 8,50 ?";" 8,25 ?";11.01.2014;150;500;300;EA;12.08.2015
845;1518;25;" 10,75 ?";" 10,30 ?";11.01.2014;150;500;250;EA;12.08.2015
846;1518;30;" 4,50 ?";" 5,77 ?";11.01.2014;150;500;175;EA;12.08.2015
847;1518;30;" 14,50 ?";" 4,43 ?";11.01.2014;150;500;150;EA;12.08.2015
848;1518;45;" 15,75 ?";" 18,56 ?";11.01.2014;50;300;150;EA;12.08.2015
849;1594;45;" 24,75 ?";" 24,75 ?";31.03.2014;5000;10000;5000;EA;12.08.2015
850;1594;45;" 24,75 ?";" 24,75 ?";31.03.2014;5000;10000;5000;EA;12.08.2015
851;1594;45;" 24,75 ?";" 24,75 ?";31.03.2014;5000;10000;5000;EA;12.08.2015
852;1594;60;" 32,35 ?";" 30,94 ?";14.05.2014;500;8000;750;EA;12.08.2015
853;1594;60;" 32,35 ?";" 30,94 ?";14.05.2014;500;8000;750;EA;12.08.2015
854;1594;60;" 32,35 ?";" 30,94 ?";14.05.2014;500;8000;750;EA;12.08.2015
855;1594;60;" 38,50 ?";" 37,10 ?";14.05.2014;500;5000;1050;EA;12.08.2015
856;1594;60;" 37,50 ?";" 37,10 ?";14.05.2014;500;5000;1000;EA;12.08.2015
857;1594;60;" 37,50 ?";" 37,10 ?";14.05.2014;500;5000;1000;EA;12.08.2015
858;1676;15;" 8,75 ?";" 9,15 ?";22.05.2014;500;5000;700;EA;12.08.2015
859;1676;15;" 8,75 ?";" 9,15 ?";22.05.2014;500;5000;700;EA;12.08.2015
860;1676;15;" 8,75 ?";" 9,15 ?";22.05.2014;500;5000;700;EA;12.08.2015
861;1676;25;" 15,50 ?";" 15,67 ?";22.05.2014;500;5000;900;EA;12.08.2015
862;1676;25;" 15,50 ?";" 15,67 ?";22.05.2014;500;5000;900;EA;12.08.2015
863;1676;25;" 15,50 ?";" 15,67 ?";22.05.2014;500;5000;900;EA;12.08.2015
864;1676;35;" 23,20 ?";" 23,75 ?";22.05.2014;1000;7500;1250;EA;12.08.2015
865;1676;35;" 23,20 ?";" 23,75 ?";22.05.2014;1000;7500;1250;EA;12.08.2015
866;1676;35;" 23,20 ?";" 23,75 ?";22.05.2014;1000;7500;1250;EA;12.08.2015
867;1676;25;" 25,45 ?";" 26,18 ?";22.05.2014;1000;7500;2000;EA;12.08.2015
868;1676;25;" 25,45 ?";" 26,18 ?";22.05.2014;1000;7500;2000;EA;12.08.2015
869;1676;25;" 25,45 ?";" 26,18 ?";22.05.2014;1000;7500;2000;EA;12.08.2015
870;1546;45;" 1,87 ?";" 1,87 ?";09.12.2013;500;2500;1500;EA;12.08.2015
871;1546;45;" 3,74 ?";" 3,74 ?";09.12.2013;500;2500;500;EA;12.08.2015
872;1546;45;" 3,00 ?";" 3,36 ?";09.12.2013;500;2500;1000;EA;12.08.2015
873;1546;45;" 0,80 ?";" 0,86 ?";09.12.2013;1500;15000;8000;EA;12.08.2015
874;1574;25;" 3,00 ?";" 2,36 ?";09.12.2013;1500;15000;8000;EA;12.08.2015
875;1574;25;" 3,00 ?";" 2,36 ?";09.12.2013;1500;15000;8000;EA;12.08.2015
876;1546;45;" 48,00 ?";" 33,88 ?";24.07.2014;100;500;250;EA;12.08.2015
877;1546;45;" 3,00 ?";" 2,97 ?";24.07.2014;100;500;150;EA;12.08.2015
878;1546;45;" 8,22 ?";" 8,22 ?";24.07.2014;100;500;150;EA;12.08.2015
879;1546;45;" 49,00 ?";" 59,46 ?";24.07.2014;100;500;400;EA;12.08.2015
880;1546;45;" 19,00 ?";" 20,56 ?";24.07.2014;500;1500;1000;EA;12.08.2015
881;1636;30;" 40,00 ?";" 41,57 ?";24.07.2014;5000;10000;6000;EA;12.08.2015
882;1636;30;" 40,00 ?";" 41,57 ?";24.07.2014;5000;10000;6000;EA;12.08.2015
883;1636;30;" 40,00 ?";" 41,57 ?";24.07.2014;5000;10000;6000;EA;12.08.2015
884;1636;30;" 40,00 ?";" 41,57 ?";24.07.2014;5000;10000;6000;EA;12.08.2015
907;1576;19;" 78,89 ?";" 82,83 ?";29.08.2011;100;1000;;EA;29.08.2011
908;1570;15;" 20,09 ?";" 21,09 ?";27.08.2011;100;1000;;EA;27.08.2011
908;1696;17;" 20,09 ?";" 21,09 ?";13.08.2011;100;1000;;EA;13.08.2011
909;1570;15;" 28,99 ?";" 30,44 ?";27.08.2011;100;1000;300;EA;27.08.2011
909;1696;17;" 28,99 ?";" 30,44 ?";13.08.2011;100;1000;;EA;13.08.2011
910;1610;18;" 38,99 ?";" 40,94 ?";27.08.2011;100;1000;300;EA;27.08.2011
910;1696;17;" 38,99 ?";" 40,94 ?";20.08.2011;100;1000;;EA;20.08.2011
911;1542;18;" 20,09 ?";" 21,09 ?";27.08.2011;100;1000;;EA;27.08.2011
911;1696;17;" 20,09 ?";" 21,09 ?";20.08.2011;100;1000;;EA;20.08.2011
912;1542;18;" 28,99 ?";" 30,44 ?";27.08.2011;100;1000;;EA;27.08.2011
912;1696;17;" 28,99 ?";" 30,44 ?";20.08.2011;100;1000;;EA;20.08.2011
913;1570;15;" 38,99 ?";" 40,94 ?";27.08.2011;100;1000;300;EA;27.08.2011
913;1696;17;" 38,99 ?";" 40,94 ?";25.08.2011;100;1000;;EA;25.08.2011
914;1672;15;" 20,09 ?";" 21,09 ?";26.08.2011;100;1000;;EA;26.08.2011
914;1696;17;" 20,09 ?";" 21,09 ?";25.08.2011;100;1000;;EA;25.08.2011
915;1672;15;" 28,99 ?";" 30,44 ?";26.08.2011;100;1000;300;EA;26.08.2011
915;1696;17;" 28,99 ?";" 30,44 ?";06.08.2011;100;1000;;EA;06.08.2011
916;1672;15;" 38,99 ?";" 40,94 ?";26.08.2011;100;1000;;EA;26.08.2011
916;1696;17;" 38,99 ?";" 40,94 ?";06.08.2011;100;1000;;EA;06.08.2011
921;1498;19;" 5,32 ?";" 5,59 ?";29.08.2011;100;1000;;EA;29.08.2011
922;1652;19;" 6,22 ?";" 6,53 ?";29.08.2011;100;1000;;EA;29.08.2011
923;1652;19;" 5,89 ?";" 6,18 ?";29.08.2011;100;1000;;EA;29.08.2011
928;1538;19;" 30,71 ?";" 32,25 ?";29.08.2011;100;1000;;EA;29.08.2011
928;1632;19;" 31,21 ?";" 32,77 ?";28.08.2011;100;1000;;EA;28.08.2011
929;1538;19;" 34,82 ?";" 36,56 ?";29.08.2011;100;1000;;EA;29.08.2011
929;1632;19;" 35,32 ?";" 37,09 ?";28.08.2011;100;1000;;EA;28.08.2011
930;1498;19;" 40,49 ?";" 42,51 ?";29.08.2011;100;1000;;EA;29.08.2011
930;1632;19;" 40,99 ?";" 43,04 ?";28.08.2011;100;1000;;EA;28.08.2011
931;1588;19;" 32,71 ?";" 34,35 ?";28.08.2011;100;1000;;EA;28.08.2011
931;1684;19;" 33,21 ?";" 34,87 ?";28.08.2011;100;1000;;EA;28.08.2011
932;1588;19;" 37,37 ?";" 39,24 ?";28.08.2011;100;1000;;EA;28.08.2011
932;1684;19;" 37,87 ?";" 39,76 ?";28.08.2011;100;1000;;EA;28.08.2011
933;1652;19;" 41,39 ?";" 43,46 ?";29.08.2011;100;1000;;EA;29.08.2011
933;1684;19;" 41,89 ?";" 43,98 ?";28.08.2011;100;1000;;EA;28.08.2011
934;1652;19;" 35,83 ?";" 37,62 ?";29.08.2011;100;1000;;EA;29.08.2011
934;1684;19;" 36,33 ?";" 38,15 ?";28.08.2011;100;1000;;EA;28.08.2011
935;1506;18;" 29,99 ?";" 31,49 ?";27.08.2011;100;1000;300;EA;27.08.2011
935;1658;15;" 29,99 ?";" 31,49 ?";26.08.2011;100;1000;;EA;26.08.2011
936;1506;18;" 45,99 ?";" 48,29 ?";27.08.2011;100;1000;300;EA;27.08.2011
936;1658;15;" 45,99 ?";" 48,29 ?";26.08.2011;100;1000;;EA;26.08.2011
937;1638;18;" 59,99 ?";" 62,99 ?";27.08.2011;100;1000;300;EA;27.08.2011
938;1586;16;" 29,99 ?";" 31,49 ?";28.08.2011;100;1000;300;EA;28.08.2011
938;1680;16;" 29,99 ?";" 31,49 ?";27.08.2011;100;1000;;EA;27.08.2011
939;1586;16;" 45,99 ?";" 48,29 ?";28.08.2011;100;1000;300;EA;28.08.2011
939;1680;16;" 45,99 ?";" 48,29 ?";27.08.2011;100;1000;;EA;27.08.2011
940;1508;15;" 59,99 ?";" 62,99 ?";26.08.2011;100;1000;;EA;26.08.2011
941;1628;17;" 59,99 ?";" 62,99 ?";25.08.2011;100;1000;;EA;25.08.2011
948;1576;19;" 78,89 ?";" 82,83 ?";29.08.2011;100;1000;;EA;29.08.2011
952;1674;19;" 14,99 ?";" 15,74 ?";29.08.2011;20;100;60;DZ;29.08.2011
